{"cameraMode":{"drawMode":0,"name":"Shaded","section":"Shading Mode"},"sceneLighting":true,"audioPlay":false,"sceneViewState":{"m_AlwaysRefresh":false,"showFog":true,"showSkybox":true,"showFlares":true,"showImageEffects":true,"showParticleSystems":true,"showVisualEffectGraphs":true,"m_FxEnabled":true},"in2DMode":false,"pivot":{"x":7.334681034088135,"y":-3.393620252609253,"z":18.199970245361329},"rotation":{"x":0.20373889803886414,"y":-0.009761063382029534,"z":0.0019338593119755388,"w":0.9789955019950867},"size":9.12024974822998,"orthographic":false}